{
  "MA01": "Alert: If you do not agree with what we approved for these services, you may appeal our decision. To make sure that we are fair to you, we require another individual that did not process your initial claim to conduct the appeal. However, in order to be eligible for an appeal, you must write to us within 120 days of the date you received this notice, unless you have a good reason for being late.",
  "MA02": "Alert: If you do not agree with this determination, you have the right to appeal. You must file a written request for an appeal within 180 days of the date you receive this notice.",
  "MA04": "Secondary payment cannot be considered without the identity of or payment information from the primary payer. The information was either not reported or was illegible.",
  "MA07": "Alert: The claim information has also been forwarded to Medicaid for review.",
  "MA08": "Alert: Claim information was not forwarded because the supplemental coverage is not with a Medigap plan, or you do not participate in Medicare.",
  "MA09": "Alert: Claim submitted as unassigned but processed as assigned in accordance with our current assignment/participation agreement.",
  "MA10": "Alert: The patient's payment was in excess of the amount owed. You must refund the overpayment to the patient.",
  "MA12": "You have not established that you have the right under the law to bill for services furnished by the person(s) that furnished this (these) service(s).",
  "MA13": "Alert: You may be subject to penalties if you bill the patient for amounts not reported with the PR (patient responsibility) group code.",
  "MA14": "Alert: The patient is a member of an employer-sponsored prepaid health plan. Services from outside that health plan are not covered. However, as you were not previously notified of this, we are paying this time. In the future, we will not pay you for non-plan services.",
  "MA15": "Alert: Your claim has been separated to expedite handling. You will receive a separate notice for the other services reported.",
  "MA16": "The patient is covered by the Black Lung Program. Send this claim to the Department of Labor, Federal Black Lung Program, P.O. Box 828, Lanham-Seabrook MD 20703.",
  "MA17": "We are the primary payer and have paid at the primary rate. You must contact the patient's other insurer to refund any excess it may have paid due to its erroneous primary payment.",
  "MA18": "Alert: The claim information is also being forwarded to the patient's supplemental insurer. Send any questions regarding supplemental benefits to them.",
  "MA19": "Alert: Information was not sent to the Medigap insurer due to incorrect/invalid information you submitted concerning that insurer. Please verify your information and submit your secondary claim directly to that insurer.",
  "MA20": "Skilled Nursing Facility (SNF) stay not covered when care is primarily related to the use of an urethral catheter for convenience or the control of incontinence.",
  "MA21": "SSA records indicate mismatch with name and sex.",
  "MA22": "Payment of less than $1.00 suppressed.",
  "MA23": "Demand bill approved as result of medical review.",
  "MA24": "Christian Science Sanitarium/ Skilled Nursing Facility (SNF) bill in the same benefit period.",
  "MA25": "A patient may not elect to change a hospice provider more than once in a benefit period.",
  "MA26": "Alert: Our records indicate that you were previously informed of this rule.",
  "MA27": "Missing/incomplete/invalid entitlement number or name shown on the claim.",
  "MA28": "Alert: Receipt of this notice by a physician or supplier who did not accept assignment is for information only and does not make the physician or supplier a party to the determination. No additional rights to appeal this decision, above those rights already provided for by regulation/instruction, are conferred by receipt of this notice.",
  "MA30": "Missing/incomplete/invalid type of bill.",
  "MA31": "Missing/incomplete/invalid beginning and ending dates of the period billed.",
  "MA32": "Missing/incomplete/invalid number of covered days during the billing period.",
  "MA33": "Missing/incomplete/invalid noncovered days during the billing period.",
  "MA34": "Missing/incomplete/invalid number of coinsurance days during the billing period.",
  "MA35": "Missing/incomplete/invalid number of lifetime reserve days.",
  "MA36": "Missing/incomplete/invalid patient name.",
  "MA37": "Missing/incomplete/invalid patient's address.",
  "MA39": "Missing/incomplete/invalid gender.",
  "MA40": "Missing/incomplete/invalid admission date.",
  "MA41": "Missing/incomplete/invalid admission type.",
  "MA42": "Missing/incomplete/invalid admission source.",
  "MA43": "Missing/incomplete/invalid patient status.",
  "MA44": "Alert: No appeal rights. Adjudicative decision based on law.",
  "MA45": "Alert: As previously advised, a portion or all of your payment is being held in a special account.",
  "MA46": "Alert: The new information was considered but additional payment will not be issued.",
  "MA47": "Our records show you have opted out of Medicare, agreeing with the patient not to bill Medicare for services/tests/supplies furnished. As result, we cannot pay this claim. The patient is responsible for payment.",
  "MA48": "Missing/incomplete/invalid name or address of responsible party or primary payer.",
  "MA50": "Missing/incomplete/invalid Investigational Device Exemption number or Clinical Trial number.",
  "MA53": "Missing/incomplete/invalid Competitive Bidding Demonstration Project identification.",
  "MA54": "Physician certification or election consent for hospice care not received timely.",
  "MA55": "Not covered as patient received medical health care services, automatically revoking his/her election to receive religious non-medical health care services.",
  "MA56": "Our records show you have opted out of Medicare, agreeing with the patient not to bill Medicare for services/tests/supplies furnished. As result, we cannot pay this claim. The patient is responsible for payment, but under Federal law, you cannot charge the patient more than the limiting charge amount.",
  "MA57": "Patient submitted written request to revoke his/her election for religious non-medical health care services.",
  "MA58": "Missing/incomplete/invalid release of information indicator.",
  "MA59": "Alert: The patient overpaid you for these services. You must issue the patient a refund within 30 days for the difference between his/her payment and the total amount shown as patient responsibility on this notice.",
  "MA60": "Missing/incomplete/invalid patient relationship to insured.",
  "MA61": "Missing/incomplete/invalid social security number.",
  "MA62": "Alert: This is a telephone review decision.",
  "MA63": "Missing/incomplete/invalid principal diagnosis.",
  "MA64": "Our records indicate that we should be the third payer for this claim. We cannot process this claim until we have received payment information from the primary and secondary payers.",
  "MA65": "Missing/incomplete/invalid admitting diagnosis.",
  "MA66": "Missing/incomplete/invalid principal procedure code.",
  "MA67": "Alert: Correction to a prior claim.",
  "MA68": "Alert: We did not crossover this claim because the secondary insurance information on the claim was incomplete. Please supply complete information or use the PLANID of the insurer to assure correct and timely routing of the claim.",
  "MA69": "Missing/incomplete/invalid remarks.",
  "MA70": "Missing/incomplete/invalid provider representative signature.",
  "MA71": "Missing/incomplete/invalid provider representative signature date.",
  "MA72": "Alert: The patient overpaid you for these assigned services. You must issue the patient a refund within 30 days for the difference between his/her payment to you and the total of the amount shown as patient responsibility and as paid to the patient on this notice.",
  "MA73": "Informational remittance associated with a Medicare demonstration. No payment issued under fee-for-service Medicare as patient has elected managed care.",
  "MA74": "Alert: This payment replaces an earlier payment for this claim that was either lost, damaged or returned.",
  "MA75": "Missing/incomplete/invalid patient or authorized representative signature.",
  "MA76": "Missing/incomplete/invalid provider identifier for home health agency or hospice when physician is performing care plan oversight services.",
  "MA77": "Alert: The patient overpaid you. You must issue the patient a refund within 30 days for the difference between the patient’s payment less the total of our and other payer payments and the amount shown as patient responsibility on this notice.",
  "MA79": "Billed in excess of interim rate.",
  "MA80": "Informational notice. No payment issued for this claim with this notice. Payment issued to the hospital by its intermediary for all services for this encounter under a demonstration project.",
  "MA81": "Missing/incomplete/invalid provider/supplier signature.",
  "MA83": "Did not indicate whether we are the primary or secondary payer.",
  "MA84": "Patient identified as participating in the National Emphysema Treatment Trial but our records indicate that this patient is either not a participant, or has not yet been approved for this phase of the study. Contact Johns Hopkins University, the study coordinator, to resolve if there was a discrepancy.",
  "MA88": "Missing/incomplete/invalid insured's address and/or telephone number for the primary payer.",
  "MA89": "Missing/incomplete/invalid patient's relationship to the insured for the primary payer.",
  "MA90": "Missing/incomplete/invalid employment status code for the primary insured.",
  "MA91": "Alert: This determination is the result of the appeal you filed.",
  "MA92": "Missing plan information for other insurance.",
  "MA93": "Non-PIP (Periodic Interim Payment) claim.",
  "MA94": "Did not enter the statement “Attending physician not hospice employee” on the claim form to certify that the rendering physician is not an employee of the hospice.",
  "MA96": "Claim rejected. Coded as a Medicare Managed Care Demonstration but patient is not enrolled in a Medicare managed care plan.",
  "MA97": "Missing/incomplete/invalid Medicare Managed Care Demonstration contract number or clinical trial registry number.",
  "MA99": "Missing/incomplete/invalid Medigap information.",
  "MA100": "Missing/incomplete/invalid date of current illness or symptoms.",
  "MA103": "Hemophilia Add On.",
  "MA106": "PIP (Periodic Interim Payment) claim.",
  "MA107": "Paper claim contains more than three separate data items in field 19.",
  "MA108": "Paper claim contains more than one data item in field 23.",
  "MA109": "Claim processed in accordance with ambulatory surgical guidelines.",
  "MA110": "Missing/incomplete/invalid information on whether the diagnostic test(s) were performed by an outside entity or if no purchased tests are included on the claim.",
  "MA111": "Missing/incomplete/invalid purchase price of the test(s) and/or the performing laboratory's name and address.",
  "MA112": "Missing/incomplete/invalid group practice information.",
  "MA113": "Incomplete/invalid taxpayer identification number (TIN) submitted by you per the Internal Revenue Service. Your claims cannot be processed without your correct TIN, and you may not bill the patient pending correction of your TIN. There are no appeal rights for unprocessable claims, but you may resubmit this claim after you have notified this office of your correct TIN.",
  "MA114": "Missing/incomplete/invalid information on where the services were furnished.",
  "MA115": "Missing/incomplete/invalid physical location (name and address, or PIN) where the service(s) were rendered in a Health Professional Shortage Area (HPSA).",
  "MA116": "Did not complete the statement 'Homebound' on the claim to validate whether laboratory services were performed at home or in an institution.",
  "MA117": "This claim has been assessed a $1.00 user fee.",
  "MA118": "Alert: No Medicare payment issued for this claim for services or supplies furnished to a Medicare-eligible veteran through a facility of the Department of Veterans Affairs. Coinsurance and/or deductible are applicable.",
  "MA120": "Missing/incomplete/invalid CLIA certification number.",
  "MA121": "Missing/incomplete/invalid x-ray date.",
  "MA122": "Missing/incomplete/invalid initial treatment date.",
  "MA123": "Your center was not selected to participate in this study, therefore, we cannot pay for these services.",
  "MA125": "Per legislation governing this program, payment constitutes payment in full.",
  "MA126": "Pancreas transplant not covered unless kidney transplant performed.",
  "MA128": "Missing/incomplete/invalid FDA approval number.",
  "MA130": "Your claim contains incomplete and/or invalid information, and no appeal rights are afforded because the claim is unprocessable. Please submit a new claim with the complete/correct information.",
  "MA131": "Physician already paid for services in conjunction with this demonstration claim. You must have the physician withdraw that claim and refund the payment before we can process your claim.",
  "MA132": "Adjustment to the pre-demonstration rate.",
  "MA133": "Claim overlaps inpatient stay. Rebill only those services rendered outside the inpatient stay.",
  "MA134": "Missing/incomplete/invalid provider number of the facility where the patient resides.",
  "MB": "Not a Medicare benefit.",
  "MC": "Claim denied; service provided in a non-covered location."
}