<?xml version="1.0" encoding="UTF-8"?>
<!-- pyx12 configuration file
This file can be copied to the system-wide configuration directory
(/usr/local/etc), to a user's home directory as ~/.pyx12.conf.xml,
or can be passed on the command line using the -c option
-->

<params version="1.0">
    <param name="map_path">
        <value>/usr/local/lib/python3.12/dist-packages/pyx12-3.0.0rc3-py3.12.egg/pyx12/map</value>
        <comment>Where to find the xml maps</comment>
    </param>
    <param name="exclude_external_codes">
        <!--<value>states</value>-->
        <value></value>
        <comment>Comma separated list of external_codes to exclude</comment>
    </param>
    <param name="charset">
        <value>E</value>
        <comment>E = extended, B = Basic</comment>
    </param>
    <param name="simple_dtd">
        <value></value>
        <comment></comment>
    </param>
</params>

