[
  {
    "name": "F1chkRequestForPredetPreauth",
    "pdf_field_type": "/Btn",
    "type": "button",
    "value": "/Off",
    "default_value": "/Off"
  },
  {
    "name": "F1chkStatementOfActualServices",
    "pdf_field_type": "/Btn",
    "type": "button",
    "value": "/Off",
    "default_value": "/Off"
  },
  {
    "name": "F1chkEPSDTTitleXIX",
    "pdf_field_type": "/Btn",
    "type": "button",
    "value": "/Off",
    "default_value": "/Off"
  },
  {
    "name": "F2PredetPreAuthNumber",
    "pdf_field_type": "/Tx",
    "type": "text"
  },
  {
    "name": "F3CompanyPlanName",
    "pdf_field_type": "/Tx",
    "type": "text"
  },
  {
    "name": "F3CompanyPlanAddress",
    "pdf_field_type": "/Tx",
    "type": "text"
  },
  {
    "name": "F3CompanyPlanCity",
    "pdf_field_type": "/Tx",
    "type": "text"
  },
  {
    "name": "F3CompanyPlanState",
    "pdf_field_type": "/Tx",
    "type": "text"
  },
  {
    "name": "F3CompanyPlanZipcode",
    "pdf_field_type": "/Tx",
    "type": "text"
  },
  {
    "name": "F3aPayerID",
    "pdf_field_type": "/Tx",
    "type": "text"
  },
  {
    "name": "F4chkOtherCoverageDental",
    "pdf_field_type": "/Btn",
    "type": "button",
    "value": "/Off",
    "default_value": "/Off"
  },
  {
    "name": "F4chkOtherCoverageMedical",
    "pdf_field_type": "/Btn",
    "type": "button",
    "value": "/Off",
    "default_value": "/Off"
  },
  {
    "name": "F5NameOfPolicyHolder",
    "pdf_field_type": "/Tx",
    "type": "text"
  },
  {
    "name": "F6DateOFBirth",
    "pdf_field_type": "/Tx",
    "type": "text"
  },
  {
    "name": "F8PolicyHolderID",
    "pdf_field_type": "/Tx",
    "type": "text"
  },
  {
    "name": "F7chkGenderMale",
    "pdf_field_type": "/Btn",
    "type": "button",
    "value": "/Off",
    "default_value": "/Off"
  },
  {
    "name": "F7chkGenderFemale",
    "pdf_field_type": "/Btn",
    "type": "button",
    "value": "/Off",
    "default_value": "/Off"
  },
  {
    "name": "F7chkGenderUnknown",
    "pdf_field_type": "/Btn",
    "type": "button",
    "value": "/Off",
    "default_value": "/Off"
  },
  {
    "name": "F10chkPatientRelationshipSelf",
    "pdf_field_type": "/Btn",
    "type": "button",
    "value": "/Off",
    "default_value": "/Off"
  },
  {
    "name": "F10chkPatientRelationshipSpouse",
    "pdf_field_type": "/Btn",
    "type": "button",
    "value": "/Off",
    "default_value": "/Off"
  },
  {
    "name": "F10chkPatientRelationshipDependent",
    "pdf_field_type": "/Btn",
    "type": "button",
    "value": "/Off",
    "default_value": "/Off"
  },
  {
    "name": "F10chkPatientRelationshipOther",
    "pdf_field_type": "/Btn",
    "type": "button",
    "value": "/Off",
    "default_value": "/Off"
  },
  {
    "name": "F9PlanGroupNumber",
    "pdf_field_type": "/Tx",
    "type": "text"
  },
  {
    "name": "F11OtherInsuranceCompanyDetails",
    "pdf_field_type": "/Tx",
    "type": "text"
  },
  {
    "name": "F11aOtherPayerID",
    "pdf_field_type": "/Tx",
    "type": "text"
  },
  {
    "name": "F12PolicyHolderNameDetails",
    "pdf_field_type": "/Tx",
    "type": "text"
  },
  {
    "name": "F13DateOfBirth",
    "pdf_field_type": "/Tx",
    "type": "text"
  },
  {
    "name": "F15PolicyHolderID",
    "pdf_field_type": "/Tx",
    "type": "text"
  },
  {
    "name": "F14chkGenderMale",
    "pdf_field_type": "/Btn",
    "type": "button",
    "value": "/Off",
    "default_value": "/Off"
  },
  {
    "name": "F14chkGenderFemale",
    "pdf_field_type": "/Btn",
    "type": "button",
    "value": "/Off",
    "default_value": "/Off"
  },
  {
    "name": "F14chkGenderUnknown",
    "pdf_field_type": "/Btn",
    "type": "button",
    "value": "/Off",
    "default_value": "/Off"
  },
  {
    "name": "F16PlanGroupNumber",
    "pdf_field_type": "/Tx",
    "type": "text"
  },
  {
    "name": "F17EmployerName",
    "pdf_field_type": "/Tx",
    "type": "text"
  },
  {
    "name": "F18chkRelationshipToPolicyHolderSelf",
    "pdf_field_type": "/Btn",
    "type": "button",
    "value": "/Off",
    "default_value": "/Off"
  },
  {
    "name": "F18chkRelationshipToPolicyHolderSpouse",
    "pdf_field_type": "/Btn",
    "type": "button",
    "value": "/Off",
    "default_value": "/Off"
  },
  {
    "name": "F18chkRelationshipToPolicyHolderDependentChild",
    "pdf_field_type": "/Btn",
    "type": "button",
    "value": "/Off",
    "default_value": "/Off"
  },
  {
    "name": "F18chkRelationshipToPolicyHolderOther",
    "pdf_field_type": "/Btn",
    "type": "button",
    "value": "/Off",
    "default_value": "/Off"
  },
  {
    "name": "F20PatientInformationNameDetails",
    "pdf_field_type": "/Tx",
    "type": "text"
  },
  {
    "name": "F22chkGenderMale",
    "pdf_field_type": "/Btn",
    "type": "button",
    "value": "/Off",
    "default_value": "/Off"
  },
  {
    "name": "F22chkGenderFemale",
    "pdf_field_type": "/Btn",
    "type": "button",
    "value": "/Off",
    "default_value": "/Off"
  },
  {
    "name": "F22chkGenderUnknown",
    "pdf_field_type": "/Btn",
    "type": "button",
    "value": "/Off",
    "default_value": "/Off"
  },
  {
    "name": "F21DateOfBirth",
    "pdf_field_type": "/Tx",
    "type": "text"
  },
  {
    "name": "F23PatientIDAccountNumber",
    "pdf_field_type": "/Tx",
    "type": "text"
  },
  {
    "name": "F24L1ProcedureDate",
    "pdf_field_type": "/Tx",
    "type": "text"
  },
  {
    "name": "F25L1AreaOfOralCavity",
    "pdf_field_type": "/Tx",
    "type": "text"
  },
  {
    "name": "F26L1ToothSystem",
    "pdf_field_type": "/Tx",
    "type": "text"
  },
  {
    "name": "F27L1ToothNumbersOrLetters",
    "pdf_field_type": "/Tx",
    "type": "text"
  },
  {
    "name": "F28L1ToothSurface",
    "pdf_field_type": "/Tx",
    "type": "text"
  },
  {
    "name": "F29L1ProcedureCode",
    "pdf_field_type": "/Tx",
    "type": "text"
  },
  {
    "name": "F29aL1DiagPointer",
    "pdf_field_type": "/Tx",
    "type": "text"
  },
  {
    "name": "F29bL1Qty",
    "pdf_field_type": "/Tx",
    "type": "text"
  },
  {
    "name": "F30L1Description",
    "pdf_field_type": "/Tx",
    "type": "text"
  },
  {
    "name": "F31L1Fee",
    "pdf_field_type": "/Tx",
    "type": "text"
  },
  {
    "name": "F24L2ProcedureDate",
    "pdf_field_type": "/Tx",
    "type": "text"
  },
  {
    "name": "F25L2AreaOfOralCavity",
    "pdf_field_type": "/Tx",
    "type": "text"
  },
  {
    "name": "F26L2ToothSystem",
    "pdf_field_type": "/Tx",
    "type": "text"
  },
  {
    "name": "F27L2ToothNumbersOrLetters",
    "pdf_field_type": "/Tx",
    "type": "text"
  },
  {
    "name": "F28L2ToothSurface",
    "pdf_field_type": "/Tx",
    "type": "text"
  },
  {
    "name": "F29L2ProcedureCode",
    "pdf_field_type": "/Tx",
    "type": "text"
  },
  {
    "name": "F29aL2DiagPointer",
    "pdf_field_type": "/Tx",
    "type": "text"
  },
  {
    "name": "F29bL2Qty",
    "pdf_field_type": "/Tx",
    "type": "text"
  },
  {
    "name": "F30L2Description",
    "pdf_field_type": "/Tx",
    "type": "text"
  },
  {
    "name": "F31L2Fee",
    "pdf_field_type": "/Tx",
    "type": "text"
  },
  {
    "name": "F24L3ProcedureDate",
    "pdf_field_type": "/Tx",
    "type": "text"
  },
  {
    "name": "F25L3AreaOfOralCavity",
    "pdf_field_type": "/Tx",
    "type": "text"
  },
  {
    "name": "F26L3ToothSystem",
    "pdf_field_type": "/Tx",
    "type": "text"
  },
  {
    "name": "F27L3ToothNumbersOrLetters",
    "pdf_field_type": "/Tx",
    "type": "text"
  },
  {
    "name": "F28L3ToothSurface",
    "pdf_field_type": "/Tx",
    "type": "text"
  },
  {
    "name": "F29L3ProcedureCode",
    "pdf_field_type": "/Tx",
    "type": "text"
  },
  {
    "name": "F29aL3DiagPointer",
    "pdf_field_type": "/Tx",
    "type": "text"
  },
  {
    "name": "F29bL3Qty",
    "pdf_field_type": "/Tx",
    "type": "text"
  },
  {
    "name": "F30L3Description",
    "pdf_field_type": "/Tx",
    "type": "text"
  },
  {
    "name": "F31L3Fee",
    "pdf_field_type": "/Tx",
    "type": "text"
  },
  {
    "name": "F24L4ProcedureDate",
    "pdf_field_type": "/Tx",
    "type": "text"
  },
  {
    "name": "F25L4AreaOfOralCavity",
    "pdf_field_type": "/Tx",
    "type": "text"
  },
  {
    "name": "F26L4ToothSystem",
    "pdf_field_type": "/Tx",
    "type": "text"
  },
  {
    "name": "F27L4ToothNumbersOrLetters",
    "pdf_field_type": "/Tx",
    "type": "text"
  },
  {
    "name": "F28L4ToothSurface",
    "pdf_field_type": "/Tx",
    "type": "text"
  },
  {
    "name": "F29L4ProcedureCode",
    "pdf_field_type": "/Tx",
    "type": "text"
  },
  {
    "name": "F29aL4DiagPointer",
    "pdf_field_type": "/Tx",
    "type": "text"
  },
  {
    "name": "F29bL4Qty",
    "pdf_field_type": "/Tx",
    "type": "text"
  },
  {
    "name": "F30L4Description",
    "pdf_field_type": "/Tx",
    "type": "text"
  },
  {
    "name": "F31L4Fee",
    "pdf_field_type": "/Tx",
    "type": "text"
  },
  {
    "name": "F24L5ProcedureDate",
    "pdf_field_type": "/Tx",
    "type": "text"
  },
  {
    "name": "F25L5AreaOfOralCavity",
    "pdf_field_type": "/Tx",
    "type": "text"
  },
  {
    "name": "F26L5ToothSystem",
    "pdf_field_type": "/Tx",
    "type": "text"
  },
  {
    "name": "F27L5ToothNumbersOrLetters",
    "pdf_field_type": "/Tx",
    "type": "text"
  },
  {
    "name": "F28L5ToothSurface",
    "pdf_field_type": "/Tx",
    "type": "text"
  },
  {
    "name": "F29L5ProcedureCode",
    "pdf_field_type": "/Tx",
    "type": "text"
  },
  {
    "name": "F29aL5DiagPointer",
    "pdf_field_type": "/Tx",
    "type": "text"
  },
  {
    "name": "F29bL5Qty",
    "pdf_field_type": "/Tx",
    "type": "text"
  },
  {
    "name": "F30L5Description",
    "pdf_field_type": "/Tx",
    "type": "text"
  },
  {
    "name": "F31L5Fee",
    "pdf_field_type": "/Tx",
    "type": "text"
  },
  {
    "name": "F24L6ProcedureDate",
    "pdf_field_type": "/Tx",
    "type": "text"
  },
  {
    "name": "F25L6AreaOfOralCavity",
    "pdf_field_type": "/Tx",
    "type": "text"
  },
  {
    "name": "F26L6ToothSystem",
    "pdf_field_type": "/Tx",
    "type": "text"
  },
  {
    "name": "F27L6ToothNumbersOrLetters",
    "pdf_field_type": "/Tx",
    "type": "text"
  },
  {
    "name": "F28L6ToothSurface",
    "pdf_field_type": "/Tx",
    "type": "text"
  },
  {
    "name": "F29L6ProcedureCode",
    "pdf_field_type": "/Tx",
    "type": "text"
  },
  {
    "name": "F29aL6DiagPointer",
    "pdf_field_type": "/Tx",
    "type": "text"
  },
  {
    "name": "F29bL6Qty",
    "pdf_field_type": "/Tx",
    "type": "text"
  },
  {
    "name": "F30L6Description",
    "pdf_field_type": "/Tx",
    "type": "text"
  },
  {
    "name": "F31L6Fee",
    "pdf_field_type": "/Tx",
    "type": "text"
  },
  {
    "name": "F24L7ProcedureDate",
    "pdf_field_type": "/Tx",
    "type": "text"
  },
  {
    "name": "F25L7AreaOfOralCavity",
    "pdf_field_type": "/Tx",
    "type": "text"
  },
  {
    "name": "F26L7ToothSystem",
    "pdf_field_type": "/Tx",
    "type": "text"
  },
  {
    "name": "F27L7ToothNumbersOrLetters",
    "pdf_field_type": "/Tx",
    "type": "text"
  },
  {
    "name": "F28L7ToothSurface",
    "pdf_field_type": "/Tx",
    "type": "text"
  },
  {
    "name": "F29L7ProcedureCode",
    "pdf_field_type": "/Tx",
    "type": "text"
  },
  {
    "name": "F29aL7DiagPointer",
    "pdf_field_type": "/Tx",
    "type": "text"
  },
  {
    "name": "F29bL7Qty",
    "pdf_field_type": "/Tx",
    "type": "text"
  },
  {
    "name": "F30L7Description",
    "pdf_field_type": "/Tx",
    "type": "text"
  },
  {
    "name": "F31L7Fee",
    "pdf_field_type": "/Tx",
    "type": "text"
  },
  {
    "name": "F24L8ProcedureDate",
    "pdf_field_type": "/Tx",
    "type": "text"
  },
  {
    "name": "F25L8AreaOfOralCavity",
    "pdf_field_type": "/Tx",
    "type": "text"
  },
  {
    "name": "F26L8ToothSystem",
    "pdf_field_type": "/Tx",
    "type": "text"
  },
  {
    "name": "F27L8ToothNumbersOrLetters",
    "pdf_field_type": "/Tx",
    "type": "text"
  },
  {
    "name": "F28L8ToothSurface",
    "pdf_field_type": "/Tx",
    "type": "text"
  },
  {
    "name": "F29L8ProcedureCode",
    "pdf_field_type": "/Tx",
    "type": "text"
  },
  {
    "name": "F29aL8DiagPointer",
    "pdf_field_type": "/Tx",
    "type": "text"
  },
  {
    "name": "F29bL8Qty",
    "pdf_field_type": "/Tx",
    "type": "text"
  },
  {
    "name": "F30L8Description",
    "pdf_field_type": "/Tx",
    "type": "text"
  },
  {
    "name": "F31L8Fee",
    "pdf_field_type": "/Tx",
    "type": "text"
  },
  {
    "name": "F24L9ProcedureDate",
    "pdf_field_type": "/Tx",
    "type": "text"
  },
  {
    "name": "F25L9AreaOfOralCavity",
    "pdf_field_type": "/Tx",
    "type": "text"
  },
  {
    "name": "F26L9ToothSystem",
    "pdf_field_type": "/Tx",
    "type": "text"
  },
  {
    "name": "F27L9ToothNumbersOrLetters",
    "pdf_field_type": "/Tx",
    "type": "text"
  },
  {
    "name": "F28L9ToothSurface",
    "pdf_field_type": "/Tx",
    "type": "text"
  },
  {
    "name": "F29L9ProcedureCode",
    "pdf_field_type": "/Tx",
    "type": "text"
  },
  {
    "name": "F29aL9DiagPointer",
    "pdf_field_type": "/Tx",
    "type": "text"
  },
  {
    "name": "F29bL9Qty",
    "pdf_field_type": "/Tx",
    "type": "text"
  },
  {
    "name": "F30L9Description",
    "pdf_field_type": "/Tx",
    "type": "text"
  },
  {
    "name": "F31L9Fee",
    "pdf_field_type": "/Tx",
    "type": "text"
  },
  {
    "name": "F24L10ProcedureDate",
    "pdf_field_type": "/Tx",
    "type": "text"
  },
  {
    "name": "F25L10AreaOfOralCavity",
    "pdf_field_type": "/Tx",
    "type": "text"
  },
  {
    "name": "F26L10ToothSystem",
    "pdf_field_type": "/Tx",
    "type": "text"
  },
  {
    "name": "F27L10ToothNumbersOrLetters",
    "pdf_field_type": "/Tx",
    "type": "text"
  },
  {
    "name": "F28L10ToothSurface",
    "pdf_field_type": "/Tx",
    "type": "text"
  },
  {
    "name": "F29L10ProcedureCode",
    "pdf_field_type": "/Tx",
    "type": "text"
  },
  {
    "name": "F29aL10DiagPointer",
    "pdf_field_type": "/Tx",
    "type": "text"
  },
  {
    "name": "F29bL10Qty",
    "pdf_field_type": "/Tx",
    "type": "text"
  },
  {
    "name": "F30L10Description",
    "pdf_field_type": "/Tx",
    "type": "text"
  },
  {
    "name": "F31L10Fee",
    "pdf_field_type": "/Tx",
    "type": "text"
  },
  {
    "name": "F33MissingTooth1",
    "pdf_field_type": "/Btn",
    "type": "button",
    "value": "/Off",
    "default_value": "/Off"
  },
  {
    "name": "F33MissingTooth2",
    "pdf_field_type": "/Btn",
    "type": "button",
    "value": "/Off",
    "default_value": "/Off"
  },
  {
    "name": "F33MissingTooth3",
    "pdf_field_type": "/Btn",
    "type": "button",
    "value": "/Off",
    "default_value": "/Off"
  },
  {
    "name": "F33MissingTooth4",
    "pdf_field_type": "/Btn",
    "type": "button",
    "value": "/Off",
    "default_value": "/Off"
  },
  {
    "name": "F33MissingTooth5",
    "pdf_field_type": "/Btn",
    "type": "button",
    "value": "/Off",
    "default_value": "/Off"
  },
  {
    "name": "F33MissingTooth6",
    "pdf_field_type": "/Btn",
    "type": "button",
    "value": "/Off",
    "default_value": "/Off"
  },
  {
    "name": "F33MissingTooth7",
    "pdf_field_type": "/Btn",
    "type": "button",
    "value": "/Off",
    "default_value": "/Off"
  },
  {
    "name": "F33MissingTooth8",
    "pdf_field_type": "/Btn",
    "type": "button",
    "value": "/Off",
    "default_value": "/Off"
  },
  {
    "name": "F33MissingTooth9",
    "pdf_field_type": "/Btn",
    "type": "button",
    "value": "/Off",
    "default_value": "/Off"
  },
  {
    "name": "F33MissingTooth10",
    "pdf_field_type": "/Btn",
    "type": "button",
    "value": "/Off",
    "default_value": "/Off"
  },
  {
    "name": "F33MissingTooth11",
    "pdf_field_type": "/Btn",
    "type": "button",
    "value": "/Off",
    "default_value": "/Off"
  },
  {
    "name": "F33MissingTooth12",
    "pdf_field_type": "/Btn",
    "type": "button",
    "value": "/Off",
    "default_value": "/Off"
  },
  {
    "name": "F33MissingTooth13",
    "pdf_field_type": "/Btn",
    "type": "button",
    "value": "/Off",
    "default_value": "/Off"
  },
  {
    "name": "F33MissingTooth14",
    "pdf_field_type": "/Btn",
    "type": "button",
    "value": "/Off",
    "default_value": "/Off"
  },
  {
    "name": "F33MissingTooth15",
    "pdf_field_type": "/Btn",
    "type": "button",
    "value": "/Off",
    "default_value": "/Off"
  },
  {
    "name": "F33MissingTooth16",
    "pdf_field_type": "/Btn",
    "type": "button",
    "value": "/Off",
    "default_value": "/Off"
  },
  {
    "name": "F33MissingTooth32",
    "pdf_field_type": "/Btn",
    "type": "button",
    "value": "/Off",
    "default_value": "/Off"
  },
  {
    "name": "F33MissingTooth31",
    "pdf_field_type": "/Btn",
    "type": "button",
    "value": "/Off",
    "default_value": "/Off"
  },
  {
    "name": "F33MissingTooth30",
    "pdf_field_type": "/Btn",
    "type": "button",
    "value": "/Off",
    "default_value": "/Off"
  },
  {
    "name": "F33MissingTooth29",
    "pdf_field_type": "/Btn",
    "type": "button",
    "value": "/Off",
    "default_value": "/Off"
  },
  {
    "name": "F33MissingTooth28",
    "pdf_field_type": "/Btn",
    "type": "button",
    "value": "/Off",
    "default_value": "/Off"
  },
  {
    "name": "F33MissingTooth27",
    "pdf_field_type": "/Btn",
    "type": "button",
    "value": "/Off",
    "default_value": "/Off"
  },
  {
    "name": "F33MissingTooth26",
    "pdf_field_type": "/Btn",
    "type": "button",
    "value": "/Off",
    "default_value": "/Off"
  },
  {
    "name": "F33MissingTooth25",
    "pdf_field_type": "/Btn",
    "type": "button",
    "value": "/Off",
    "default_value": "/Off"
  },
  {
    "name": "F33MissingTooth24",
    "pdf_field_type": "/Btn",
    "type": "button",
    "value": "/Off",
    "default_value": "/Off"
  },
  {
    "name": "F33MissingTooth23",
    "pdf_field_type": "/Btn",
    "type": "button",
    "value": "/Off",
    "default_value": "/Off"
  },
  {
    "name": "F33MissingTooth22",
    "pdf_field_type": "/Btn",
    "type": "button",
    "value": "/Off",
    "default_value": "/Off"
  },
  {
    "name": "F33MissingTooth21",
    "pdf_field_type": "/Btn",
    "type": "button",
    "value": "/Off",
    "default_value": "/Off"
  },
  {
    "name": "F33MissingTooth20",
    "pdf_field_type": "/Btn",
    "type": "button",
    "value": "/Off",
    "default_value": "/Off"
  },
  {
    "name": "F33MissingTooth19",
    "pdf_field_type": "/Btn",
    "type": "button",
    "value": "/Off",
    "default_value": "/Off"
  },
  {
    "name": "F33MissingTooth18",
    "pdf_field_type": "/Btn",
    "type": "button",
    "value": "/Off",
    "default_value": "/Off"
  },
  {
    "name": "F33MissingTooth17",
    "pdf_field_type": "/Btn",
    "type": "button",
    "value": "/Off",
    "default_value": "/Off"
  },
  {
    "name": "F34DiagnosisCodeListQual1",
    "pdf_field_type": "/Tx",
    "type": "text"
  },
  {
    "name": "F34DiagnosisCodeListQual2",
    "pdf_field_type": "/Tx",
    "type": "text"
  },
  {
    "name": "F34aDiagnosisCodeA",
    "pdf_field_type": "/Tx",
    "type": "text"
  },
  {
    "name": "F34aDiagnosisCodeB",
    "pdf_field_type": "/Tx",
    "type": "text"
  },
  {
    "name": "F34aDiagnosisCodeC",
    "pdf_field_type": "/Tx",
    "type": "text"
  },
  {
    "name": "F34aDiagnosisCodeD",
    "pdf_field_type": "/Tx",
    "type": "text"
  },
  {
    "name": "F31aOtherFees",
    "pdf_field_type": "/Tx",
    "type": "text"
  },
  {
    "name": "F32TotalFee",
    "pdf_field_type": "/Tx",
    "type": "text"
  },
  {
    "name": "F36PatientGuardianSignature",
    "pdf_field_type": "/Tx",
    "type": "text"
  },
  {
    "name": "F37SubscriberSignature",
    "pdf_field_type": "/Tx",
    "type": "text"
  },
  {
    "name": "F36Date",
    "pdf_field_type": "/Tx",
    "type": "text"
  },
  {
    "name": "F37Date",
    "pdf_field_type": "/Tx",
    "type": "text"
  },
  {
    "name": "F38PlaceOfTreatment",
    "pdf_field_type": "/Tx",
    "type": "text"
  },
  {
    "name": "F39EnclosuresYN",
    "pdf_field_type": "/Tx",
    "type": "text"
  },
  {
    "name": "F39aDateOfLastSRP",
    "pdf_field_type": "/Tx",
    "type": "text"
  },
  {
    "name": "F40chkTreatmentForOrthodonticsNo",
    "pdf_field_type": "/Btn",
    "type": "button",
    "value": "/Off",
    "default_value": "/Off"
  },
  {
    "name": "F40chkTreatmentForOrthodonticsYes",
    "pdf_field_type": "/Btn",
    "type": "button",
    "value": "/Off",
    "default_value": "/Off"
  },
  {
    "name": "F41DateAppliancePlaced",
    "pdf_field_type": "/Tx",
    "type": "text"
  },
  {
    "name": "F42MonthsOfTreatment",
    "pdf_field_type": "/Tx",
    "type": "text"
  },
  {
    "name": "F43chkReplacementOfProsthesisNo",
    "pdf_field_type": "/Btn",
    "type": "button",
    "value": "/Off",
    "default_value": "/Off"
  },
  {
    "name": "F43chkReplacementOfProsthesisYes",
    "pdf_field_type": "/Btn",
    "type": "button",
    "value": "/Off",
    "default_value": "/Off"
  },
  {
    "name": "F44DateOfPriorPlacement",
    "pdf_field_type": "/Tx",
    "type": "text"
  },
  {
    "name": "F45chkTreatmentFromOccupation",
    "pdf_field_type": "/Btn",
    "type": "button",
    "value": "/Off",
    "default_value": "/Off"
  },
  {
    "name": "F45chkTreatmentFromAutoAccident",
    "pdf_field_type": "/Btn",
    "type": "button",
    "value": "/Off",
    "default_value": "/Off"
  },
  {
    "name": "F45chkTreatmentFromOtherAccident",
    "pdf_field_type": "/Btn",
    "type": "button",
    "value": "/Off",
    "default_value": "/Off"
  },
  {
    "name": "F46DateOfAccident",
    "pdf_field_type": "/Tx",
    "type": "text"
  },
  {
    "name": "F47AutoAccidentState",
    "pdf_field_type": "/Tx",
    "type": "text"
  },
  {
    "name": "F48BillingDentistDetails",
    "pdf_field_type": "/Tx",
    "type": "text"
  },
  {
    "name": "F49BillingDentistNPI",
    "pdf_field_type": "/Tx",
    "type": "text"
  },
  {
    "name": "F50BillingDentistLicenseNumber",
    "pdf_field_type": "/Tx",
    "type": "text"
  },
  {
    "name": "F51BillingDentistSSNorTIN",
    "pdf_field_type": "/Tx",
    "type": "text"
  },
  {
    "name": "Textfield4871",
    "pdf_field_type": "/Tx",
    "type": "text"
  },
  {
    "name": "Copy of Textfield4871",
    "pdf_field_type": "/Tx",
    "type": "text"
  },
  {
    "name": "F52PhoneNumber",
    "pdf_field_type": "/Tx",
    "type": "text"
  },
  {
    "name": "F52aAdditionalProviderID",
    "pdf_field_type": "/Tx",
    "type": "text"
  },
  {
    "name": "F53TreatingDentistSignature",
    "pdf_field_type": "/Tx",
    "type": "text"
  },
  {
    "name": "F53Date",
    "pdf_field_type": "/Tx",
    "type": "text"
  },
  {
    "name": "F53aChkLocumTenensTreatingDentist",
    "pdf_field_type": "/Btn",
    "type": "button",
    "value": "/Off",
    "default_value": "/Off"
  },
  {
    "name": "F54TreatingDentistNPI",
    "pdf_field_type": "/Tx",
    "type": "text"
  },
  {
    "name": "F55LicenseNumber",
    "pdf_field_type": "/Tx",
    "type": "text"
  },
  {
    "name": "F56aProviderSpecialityCode",
    "pdf_field_type": "/Tx",
    "type": "text"
  },
  {
    "name": "F56TreatingDentistAddressDetails",
    "pdf_field_type": "/Tx",
    "type": "text"
  },
  {
    "name": "F57PhoneNumber",
    "pdf_field_type": "/Tx",
    "type": "text"
  },
  {
    "name": "F58AdditionalProviderID",
    "pdf_field_type": "/Tx",
    "type": "text"
  }
]