[
  {
    "name": "chkMedicare",
    "pdf_field_type": "/Btn",
    "type": "button",
    "value": "/Off",
    "default_value": "/Off"
  },
  {
    "name": "chkMedicaid",
    "pdf_field_type": "/Btn",
    "type": "button",
    "value": "/Off",
    "default_value": "/Off"
  },
  {
    "name": "chkTricare",
    "pdf_field_type": "/Btn",
    "type": "button",
    "value": "/Off",
    "default_value": "/Off"
  },
  {
    "name": "chkChampva",
    "pdf_field_type": "/Btn",
    "type": "button",
    "value": "/Off",
    "default_value": "/Off"
  },
  {
    "name": "chkGroupHealthPlan",
    "pdf_field_type": "/Btn",
    "type": "button",
    "value": "/Off",
    "default_value": "/Off"
  },
  {
    "name": "chkFecaBlkLung",
    "pdf_field_type": "/Btn",
    "type": "button",
    "value": "/Off",
    "default_value": "/Off"
  },
  {
    "name": "chkOtherCarrier",
    "pdf_field_type": "/Btn",
    "type": "button",
    "value": "/Off",
    "default_value": "/Off"
  },
  {
    "name": "txtHeader01",
    "pdf_field_type": "/Tx",
    "type": "text"
  },
  {
    "name": "txtHeader03",
    "pdf_field_type": "/Tx",
    "type": "text"
  },
  {
    "name": "txtHeader04",
    "pdf_field_type": "/Tx",
    "type": "text"
  },
  {
    "name": "txtHeader02",
    "pdf_field_type": "/Tx",
    "type": "text"
  },
  {
    "name": "txtInsuredsIDNumber",
    "pdf_field_type": "/Tx",
    "type": "text"
  },
  {
    "name": "txtInsuredsName",
    "pdf_field_type": "/Tx",
    "type": "text"
  },
  {
    "name": "txtInsuredsAddress",
    "pdf_field_type": "/Tx",
    "type": "text"
  },
  {
    "name": "txtPatientsName",
    "pdf_field_type": "/Tx",
    "type": "text"
  },
  {
    "name": "txtPatientsAddress",
    "pdf_field_type": "/Tx",
    "type": "text"
  },
  {
    "name": "chkPatientMale",
    "pdf_field_type": "/Btn",
    "type": "button",
    "value": "/Off",
    "default_value": "/Off"
  },
  {
    "name": "chkPatientFemale",
    "pdf_field_type": "/Btn",
    "type": "button",
    "value": "/Off",
    "default_value": "/Off"
  },
  {
    "name": "chkPatientInsuredOther",
    "pdf_field_type": "/Btn",
    "type": "button",
    "value": "/Off",
    "default_value": "/Off"
  },
  {
    "name": "chkPatientInsuredChild",
    "pdf_field_type": "/Btn",
    "type": "button",
    "value": "/Off",
    "default_value": "/Off"
  },
  {
    "name": "chkPatientInsuredSpouse",
    "pdf_field_type": "/Btn",
    "type": "button",
    "value": "/Off",
    "default_value": "/Off"
  },
  {
    "name": "chkPatientInsuredSelf",
    "pdf_field_type": "/Btn",
    "type": "button",
    "value": "/Off",
    "default_value": "/Off"
  },
  {
    "name": "txtPatientsCity",
    "pdf_field_type": "/Tx",
    "type": "text"
  },
  {
    "name": "txtInsuredsCity",
    "pdf_field_type": "/Tx",
    "type": "text"
  },
  {
    "name": "txtInsuredsState",
    "pdf_field_type": "/Tx",
    "type": "text"
  },
  {
    "name": "txtPatientsState",
    "pdf_field_type": "/Tx",
    "type": "text"
  },
  {
    "name": "txtPatientsZipcode",
    "pdf_field_type": "/Tx",
    "type": "text"
  },
  {
    "name": "txtPatientsPhoneAreaCode",
    "pdf_field_type": "/Tx",
    "type": "text"
  },
  {
    "name": "txtInsuredsZipcode",
    "pdf_field_type": "/Tx",
    "type": "text"
  },
  {
    "name": "txtInsuredsPhoneAreaCode",
    "pdf_field_type": "/Tx",
    "type": "text"
  },
  {
    "name": "txtOtherInsuredsName",
    "pdf_field_type": "/Tx",
    "type": "text"
  },
  {
    "name": "txtOtherInsuredsPolicyOrGroupNumber",
    "pdf_field_type": "/Tx",
    "type": "text"
  },
  {
    "name": "txtOtherInsurancePlanNameOrProgramName",
    "pdf_field_type": "/Tx",
    "type": "text"
  },
  {
    "name": "txtInsuredsPolicyGroupOrFecaNumber",
    "pdf_field_type": "/Tx",
    "type": "text"
  },
  {
    "name": "chkInsuredMale",
    "pdf_field_type": "/Btn",
    "type": "button",
    "value": "/Off",
    "default_value": "/Off"
  },
  {
    "name": "chkInsuredFemale",
    "pdf_field_type": "/Btn",
    "type": "button",
    "value": "/Off",
    "default_value": "/Off"
  },
  {
    "name": "chkPatientConditionRelatedToEmploymentYes",
    "pdf_field_type": "/Btn",
    "type": "button",
    "value": "/Off",
    "default_value": "/Off"
  },
  {
    "name": "chkPatientConditionRelatedToEmploymentNo",
    "pdf_field_type": "/Btn",
    "type": "button",
    "value": "/Off",
    "default_value": "/Off"
  },
  {
    "name": "chkPatientConditionRelatedToAutoAccidentYes",
    "pdf_field_type": "/Btn",
    "type": "button",
    "value": "/Off",
    "default_value": "/Off"
  },
  {
    "name": "chkPatientConditionRelatedToAutoAccidentNo",
    "pdf_field_type": "/Btn",
    "type": "button",
    "value": "/Off",
    "default_value": "/Off"
  },
  {
    "name": "chkPatientConditionRelatedToOtherAccidentYes",
    "pdf_field_type": "/Btn",
    "type": "button",
    "value": "/Off",
    "default_value": "/Off"
  },
  {
    "name": "chkPatientConditionRelatedToOtherAccidentNo",
    "pdf_field_type": "/Btn",
    "type": "button",
    "value": "/Off",
    "default_value": "/Off"
  },
  {
    "name": "txtPatientAutoAccidentState",
    "pdf_field_type": "/Tx",
    "type": "text"
  },
  {
    "name": "txtInsuredsDOBMM",
    "pdf_field_type": "/Tx",
    "type": "text"
  },
  {
    "name": "txtInsuredsDOBDD",
    "pdf_field_type": "/Tx",
    "type": "text"
  },
  {
    "name": "txtInsuredsDOBYY",
    "pdf_field_type": "/Tx",
    "type": "text"
  },
  {
    "name": "txtInsuredsInsurancePlanNameOrProgramName",
    "pdf_field_type": "/Tx",
    "type": "text"
  },
  {
    "name": "chkIsThereAnotherHealthPlanYes",
    "pdf_field_type": "/Btn",
    "type": "button",
    "value": "/Off",
    "default_value": "/Off"
  },
  {
    "name": "chkIsThereAnotherHealthPlanNo",
    "pdf_field_type": "/Btn",
    "type": "button",
    "value": "/Off",
    "default_value": "/Off"
  },
  {
    "name": "txtPatientSignatureDate",
    "pdf_field_type": "/Tx",
    "type": "text"
  },
  {
    "name": "txtClaimCodes",
    "pdf_field_type": "/Tx",
    "type": "text"
  },
  {
    "name": "txtDateOfIllnessMM",
    "pdf_field_type": "/Tx",
    "type": "text"
  },
  {
    "name": "txtDateOfIllnessDD",
    "pdf_field_type": "/Tx",
    "type": "text"
  },
  {
    "name": "txtDateOfIllnessYY",
    "pdf_field_type": "/Tx",
    "type": "text"
  },
  {
    "name": "txtPatientsDOBMM",
    "pdf_field_type": "/Tx",
    "type": "text"
  },
  {
    "name": "txtPatientsDOBDD",
    "pdf_field_type": "/Tx",
    "type": "text"
  },
  {
    "name": "txtPatientsDOBYY",
    "pdf_field_type": "/Tx",
    "type": "text"
  },
  {
    "name": "txtDateOfIllnessQualifier",
    "pdf_field_type": "/Tx",
    "type": "text"
  },
  {
    "name": "txtOtherDateQualifier",
    "pdf_field_type": "/Tx",
    "type": "text"
  },
  {
    "name": "txtOtherDateMM",
    "pdf_field_type": "/Tx",
    "type": "text"
  },
  {
    "name": "txtOtherDateDD",
    "pdf_field_type": "/Tx",
    "type": "text"
  },
  {
    "name": "txtOtherDateYY",
    "pdf_field_type": "/Tx",
    "type": "text"
  },
  {
    "name": "txtDatePatientUnableToWorkStartMM",
    "pdf_field_type": "/Tx",
    "type": "text"
  },
  {
    "name": "txtDatePatientUnableToWorkStartDD",
    "pdf_field_type": "/Tx",
    "type": "text"
  },
  {
    "name": "txtDatePatientUnableToWorkStartYY",
    "pdf_field_type": "/Tx",
    "type": "text"
  },
  {
    "name": "txtDatePatientUnableToWorkEndMM",
    "pdf_field_type": "/Tx",
    "type": "text"
  },
  {
    "name": "txtDatePatientUnableToWorkEndDD",
    "pdf_field_type": "/Tx",
    "type": "text"
  },
  {
    "name": "txtDatePatientUnableToWorkEndYY",
    "pdf_field_type": "/Tx",
    "type": "text"
  },
  {
    "name": "txtHospitalizationDateRelatedToCurrentServicesStartMM",
    "pdf_field_type": "/Tx",
    "type": "text"
  },
  {
    "name": "txtHospitalizationDateRelatedToCurrentServicesStartDD",
    "pdf_field_type": "/Tx",
    "type": "text"
  },
  {
    "name": "txtHospitalizationDateRelatedToCurrentServicesStartYY",
    "pdf_field_type": "/Tx",
    "type": "text"
  },
  {
    "name": "txtHospitalizationDateRelatedToCurrentServicesEndMM",
    "pdf_field_type": "/Tx",
    "type": "text"
  },
  {
    "name": "txtHospitalizationDateRelatedToCurrentServicesEndDD",
    "pdf_field_type": "/Tx",
    "type": "text"
  },
  {
    "name": "txtHospitalizationDateRelatedToCurrentServicesEndYY",
    "pdf_field_type": "/Tx",
    "type": "text"
  },
  {
    "name": "txtNameOfReferringProviderOrOtherSource",
    "pdf_field_type": "/Tx",
    "type": "text"
  },
  {
    "name": "txtNameOfReferringProviderOrOtherSourceQualifier",
    "pdf_field_type": "/Tx",
    "type": "text"
  },
  {
    "name": "txtReferringProviderOrOtherSourceNonNPI",
    "pdf_field_type": "/Tx",
    "type": "text"
  },
  {
    "name": "txtReferringProviderOrOtherSourceNonNPIQualifier",
    "pdf_field_type": "/Tx",
    "type": "text"
  },
  {
    "name": "txtReferringProviderOrOtherSourceNPI",
    "pdf_field_type": "/Tx",
    "type": "text"
  },
  {
    "name": "txtAdditionalClaimInformation",
    "pdf_field_type": "/Tx",
    "type": "text"
  },
  {
    "name": "chkOutsideLabYes",
    "pdf_field_type": "/Btn",
    "type": "button",
    "value": "/Off",
    "default_value": "/Off"
  },
  {
    "name": "chkOutsideLabNo",
    "pdf_field_type": "/Btn",
    "type": "button",
    "value": "/Off",
    "default_value": "/Off"
  },
  {
    "name": "txtOutsideLabCharges",
    "pdf_field_type": "/Tx",
    "type": "text"
  },
  {
    "name": "txtResubmissionCode",
    "pdf_field_type": "/Tx",
    "type": "text"
  },
  {
    "name": "txtResubmissionCodeOriginalRefNumber",
    "pdf_field_type": "/Tx",
    "type": "text"
  },
  {
    "name": "txtPriorAuthorizationNumber",
    "pdf_field_type": "/Tx",
    "type": "text"
  },
  {
    "name": "txt21ICDInd01",
    "pdf_field_type": "/Tx",
    "type": "text"
  },
  {
    "name": "txt21ICDInd02",
    "pdf_field_type": "/Tx",
    "type": "text"
  },
  {
    "name": "txt21DiagnosisCodeA",
    "pdf_field_type": "/Tx",
    "type": "text"
  },
  {
    "name": "txt21DiagnosisCodeE",
    "pdf_field_type": "/Tx",
    "type": "text"
  },
  {
    "name": "txt21DiagnosisCodeI",
    "pdf_field_type": "/Tx",
    "type": "text"
  },
  {
    "name": "txt21DiagnosisCodeJ",
    "pdf_field_type": "/Tx",
    "type": "text"
  },
  {
    "name": "txt21DiagnosisCodeF",
    "pdf_field_type": "/Tx",
    "type": "text"
  },
  {
    "name": "txt21DiagnosisCodeB",
    "pdf_field_type": "/Tx",
    "type": "text"
  },
  {
    "name": "txt21DiagnosisCodeC",
    "pdf_field_type": "/Tx",
    "type": "text"
  },
  {
    "name": "txt21DiagnosisCodeG",
    "pdf_field_type": "/Tx",
    "type": "text"
  },
  {
    "name": "txt21DiagnosisCodeK",
    "pdf_field_type": "/Tx",
    "type": "text"
  },
  {
    "name": "txt21DiagnosisCodeL",
    "pdf_field_type": "/Tx",
    "type": "text"
  },
  {
    "name": "txt21DiagnosisCodeH",
    "pdf_field_type": "/Tx",
    "type": "text"
  },
  {
    "name": "txt21DiagnosisCodeD",
    "pdf_field_type": "/Tx",
    "type": "text"
  },
  {
    "name": "txt24ALine1DateOfServiceFromMM",
    "pdf_field_type": "/Tx",
    "type": "text"
  },
  {
    "name": "txt24ALine1DateOfServiceFromDD",
    "pdf_field_type": "/Tx",
    "type": "text"
  },
  {
    "name": "txt24ALine1DateOfServiceFromYY",
    "pdf_field_type": "/Tx",
    "type": "text"
  },
  {
    "name": "txt24ALine1DateOfServiceToMM",
    "pdf_field_type": "/Tx",
    "type": "text"
  },
  {
    "name": "txt24ALine1DateOfServiceToDD",
    "pdf_field_type": "/Tx",
    "type": "text"
  },
  {
    "name": "txt24ALine1DateOfServiceToYY",
    "pdf_field_type": "/Tx",
    "type": "text"
  },
  {
    "name": "txt24BLine1PlaceOfService",
    "pdf_field_type": "/Tx",
    "type": "text"
  },
  {
    "name": "txt24CLine1EMG",
    "pdf_field_type": "/Tx",
    "type": "text"
  },
  {
    "name": "txt24ALine2DateOfServiceFromMM",
    "pdf_field_type": "/Tx",
    "type": "text"
  },
  {
    "name": "txt24ALine2DateOfServiceFromDD",
    "pdf_field_type": "/Tx",
    "type": "text"
  },
  {
    "name": "txt24ALine2DateOfServiceFromYY",
    "pdf_field_type": "/Tx",
    "type": "text"
  },
  {
    "name": "txt24ALine2DateOfServiceToMM",
    "pdf_field_type": "/Tx",
    "type": "text"
  },
  {
    "name": "txt24ALine2DateOfServiceToDD",
    "pdf_field_type": "/Tx",
    "type": "text"
  },
  {
    "name": "txt24ALine2DateOfServiceToYY",
    "pdf_field_type": "/Tx",
    "type": "text"
  },
  {
    "name": "txt24BLine2PlaceOfService",
    "pdf_field_type": "/Tx",
    "type": "text"
  },
  {
    "name": "txt24CLine2EMG",
    "pdf_field_type": "/Tx",
    "type": "text"
  },
  {
    "name": "txt24ALine3DateOfServiceFromMM",
    "pdf_field_type": "/Tx",
    "type": "text"
  },
  {
    "name": "txt24ALine3DateOfServiceFromDD",
    "pdf_field_type": "/Tx",
    "type": "text"
  },
  {
    "name": "txt24ALine3DateOfServiceFromYY",
    "pdf_field_type": "/Tx",
    "type": "text"
  },
  {
    "name": "txt24ALine3DateOfServiceToMM",
    "pdf_field_type": "/Tx",
    "type": "text"
  },
  {
    "name": "txt24ALine3DateOfServiceToDD",
    "pdf_field_type": "/Tx",
    "type": "text"
  },
  {
    "name": "txt24ALine3DateOfServiceToYY",
    "pdf_field_type": "/Tx",
    "type": "text"
  },
  {
    "name": "txt24BLine3PlaceOfService",
    "pdf_field_type": "/Tx",
    "type": "text"
  },
  {
    "name": "txt24CLine3EMG",
    "pdf_field_type": "/Tx",
    "type": "text"
  },
  {
    "name": "txt24ALine4DateOfServiceFromMM",
    "pdf_field_type": "/Tx",
    "type": "text"
  },
  {
    "name": "txt24ALine4DateOfServiceFromDD",
    "pdf_field_type": "/Tx",
    "type": "text"
  },
  {
    "name": "txt24ALine4DateOfServiceFromYY",
    "pdf_field_type": "/Tx",
    "type": "text"
  },
  {
    "name": "txt24ALine4DateOfServiceToMM",
    "pdf_field_type": "/Tx",
    "type": "text"
  },
  {
    "name": "txt24ALine4DateOfServiceToDD",
    "pdf_field_type": "/Tx",
    "type": "text"
  },
  {
    "name": "txt24ALine4DateOfServiceToYY",
    "pdf_field_type": "/Tx",
    "type": "text"
  },
  {
    "name": "txt24BLine4PlaceOfService",
    "pdf_field_type": "/Tx",
    "type": "text"
  },
  {
    "name": "txt24CLine4EMG",
    "pdf_field_type": "/Tx",
    "type": "text"
  },
  {
    "name": "txt24ALine5DateOfServiceFromMM",
    "pdf_field_type": "/Tx",
    "type": "text"
  },
  {
    "name": "txt24ALine5DateOfServiceFromDD",
    "pdf_field_type": "/Tx",
    "type": "text"
  },
  {
    "name": "txt24ALine5DateOfServiceFromYY",
    "pdf_field_type": "/Tx",
    "type": "text"
  },
  {
    "name": "txt24ALine5DateOfServiceToMM",
    "pdf_field_type": "/Tx",
    "type": "text"
  },
  {
    "name": "txt24ALine5DateOfServiceToDD",
    "pdf_field_type": "/Tx",
    "type": "text"
  },
  {
    "name": "txt24ALine5DateOfServiceToYY",
    "pdf_field_type": "/Tx",
    "type": "text"
  },
  {
    "name": "txt24BLine5PlaceOfService",
    "pdf_field_type": "/Tx",
    "type": "text"
  },
  {
    "name": "txt24CLine5EMG",
    "pdf_field_type": "/Tx",
    "type": "text"
  },
  {
    "name": "txt24ALine6DateOfServiceFromMM",
    "pdf_field_type": "/Tx",
    "type": "text"
  },
  {
    "name": "txt24ALine6DateOfServiceFromDD",
    "pdf_field_type": "/Tx",
    "type": "text"
  },
  {
    "name": "txt24ALine6DateOfServiceFromYY",
    "pdf_field_type": "/Tx",
    "type": "text"
  },
  {
    "name": "txt24ALine6DateOfServiceToMM",
    "pdf_field_type": "/Tx",
    "type": "text"
  },
  {
    "name": "txt24ALine6DateOfServiceToDD",
    "pdf_field_type": "/Tx",
    "type": "text"
  },
  {
    "name": "txt24ALine6DateOfServiceToYY",
    "pdf_field_type": "/Tx",
    "type": "text"
  },
  {
    "name": "txt24BLine6PlaceOfService",
    "pdf_field_type": "/Tx",
    "type": "text"
  },
  {
    "name": "txt24CLine6EMG",
    "pdf_field_type": "/Tx",
    "type": "text"
  },
  {
    "name": "txt24DLine1CPTHCPCSCode",
    "pdf_field_type": "/Tx",
    "type": "text"
  },
  {
    "name": "txt24DLine1CPTHCPCSMod1",
    "pdf_field_type": "/Tx",
    "type": "text"
  },
  {
    "name": "txt24DLine1CPTHCPCSMod2",
    "pdf_field_type": "/Tx",
    "type": "text"
  },
  {
    "name": "txt24DLine1CPTHCPCSMod3",
    "pdf_field_type": "/Tx",
    "type": "text"
  },
  {
    "name": "txt24DLine1CPTHCPCSMod4",
    "pdf_field_type": "/Tx",
    "type": "text"
  },
  {
    "name": "txt24ELine1DiagnosisPointer",
    "pdf_field_type": "/Tx",
    "type": "text"
  },
  {
    "name": "txt24FLine1Charges",
    "pdf_field_type": "/Tx",
    "type": "text"
  },
  {
    "name": "txt24GLine1DaysOrUnits",
    "pdf_field_type": "/Tx",
    "type": "text"
  },
  {
    "name": "txt24HLine1EPSDTFamilyPlan",
    "pdf_field_type": "/Tx",
    "type": "text"
  },
  {
    "name": "txt24ILine1LegacyIDQualifier",
    "pdf_field_type": "/Tx",
    "type": "text"
  },
  {
    "name": "txt24JLine1RenderingProviderLegacyID",
    "pdf_field_type": "/Tx",
    "type": "text"
  },
  {
    "name": "txt24JLine1RenderingProviderNPI",
    "pdf_field_type": "/Tx",
    "type": "text"
  },
  {
    "name": "txt24DLine2CPTHCPCSCode",
    "pdf_field_type": "/Tx",
    "type": "text"
  },
  {
    "name": "txt24DLine2CPTHCPCSMod1",
    "pdf_field_type": "/Tx",
    "type": "text"
  },
  {
    "name": "txt24DLine2CPTHCPCSMod2",
    "pdf_field_type": "/Tx",
    "type": "text"
  },
  {
    "name": "txt24DLine2CPTHCPCSMod3",
    "pdf_field_type": "/Tx",
    "type": "text"
  },
  {
    "name": "txt24DLine2CPTHCPCSMod4",
    "pdf_field_type": "/Tx",
    "type": "text"
  },
  {
    "name": "txt24ELine2DiagnosisPointer",
    "pdf_field_type": "/Tx",
    "type": "text"
  },
  {
    "name": "txt24DLine3CPTHCPCSCode",
    "pdf_field_type": "/Tx",
    "type": "text"
  },
  {
    "name": "txt24DLine3CPTHCPCSMod1",
    "pdf_field_type": "/Tx",
    "type": "text"
  },
  {
    "name": "txt24DLine3CPTHCPCSMod2",
    "pdf_field_type": "/Tx",
    "type": "text"
  },
  {
    "name": "txt24DLine3CPTHCPCSMod3",
    "pdf_field_type": "/Tx",
    "type": "text"
  },
  {
    "name": "txt24DLine3CPTHCPCSMod4",
    "pdf_field_type": "/Tx",
    "type": "text"
  },
  {
    "name": "txt24ELine3DiagnosisPointer",
    "pdf_field_type": "/Tx",
    "type": "text"
  },
  {
    "name": "txt24DLine4CPTHCPCSCode",
    "pdf_field_type": "/Tx",
    "type": "text"
  },
  {
    "name": "txt24DLine4CPTHCPCSMod1",
    "pdf_field_type": "/Tx",
    "type": "text"
  },
  {
    "name": "txt24DLine4CPTHCPCSMod2",
    "pdf_field_type": "/Tx",
    "type": "text"
  },
  {
    "name": "txt24DLine4CPTHCPCSMod3",
    "pdf_field_type": "/Tx",
    "type": "text"
  },
  {
    "name": "txt24DLine4CPTHCPCSMod4",
    "pdf_field_type": "/Tx",
    "type": "text"
  },
  {
    "name": "txt24ELine4DiagnosisPointer",
    "pdf_field_type": "/Tx",
    "type": "text"
  },
  {
    "name": "txt24DLine5CPTHCPCSCode",
    "pdf_field_type": "/Tx",
    "type": "text"
  },
  {
    "name": "txt24DLine5CPTHCPCSMod1",
    "pdf_field_type": "/Tx",
    "type": "text"
  },
  {
    "name": "txt24DLine5CPTHCPCSMod2",
    "pdf_field_type": "/Tx",
    "type": "text"
  },
  {
    "name": "txt24DLine5CPTHCPCSMod3",
    "pdf_field_type": "/Tx",
    "type": "text"
  },
  {
    "name": "txt24DLine5CPTHCPCSMod4",
    "pdf_field_type": "/Tx",
    "type": "text"
  },
  {
    "name": "txt24ELine5DiagnosisPointer",
    "pdf_field_type": "/Tx",
    "type": "text"
  },
  {
    "name": "txt24DLine6CPTHCPCSCode",
    "pdf_field_type": "/Tx",
    "type": "text"
  },
  {
    "name": "txt24DLine6CPTHCPCSMod1",
    "pdf_field_type": "/Tx",
    "type": "text"
  },
  {
    "name": "txt24DLine6CPTHCPCSMod2",
    "pdf_field_type": "/Tx",
    "type": "text"
  },
  {
    "name": "txt24DLine6CPTHCPCSMod3",
    "pdf_field_type": "/Tx",
    "type": "text"
  },
  {
    "name": "txt24DLine6CPTHCPCSMod4",
    "pdf_field_type": "/Tx",
    "type": "text"
  },
  {
    "name": "txt24ELine6DiagnosisPointer",
    "pdf_field_type": "/Tx",
    "type": "text"
  },
  {
    "name": "txt24FLine2Charges",
    "pdf_field_type": "/Tx",
    "type": "text"
  },
  {
    "name": "txt24GLine2DaysOrUnits",
    "pdf_field_type": "/Tx",
    "type": "text"
  },
  {
    "name": "txt24HLine2EPSDTFamilyPlan",
    "pdf_field_type": "/Tx",
    "type": "text"
  },
  {
    "name": "txt24ILine2LegacyIDQualifier",
    "pdf_field_type": "/Tx",
    "type": "text"
  },
  {
    "name": "txt24JLine2RenderingProviderLegacyID",
    "pdf_field_type": "/Tx",
    "type": "text"
  },
  {
    "name": "txt24JLine2RenderingProviderNPI",
    "pdf_field_type": "/Tx",
    "type": "text"
  },
  {
    "name": "txt24FLine3Charges",
    "pdf_field_type": "/Tx",
    "type": "text"
  },
  {
    "name": "txt24GLine3DaysOrUnits",
    "pdf_field_type": "/Tx",
    "type": "text"
  },
  {
    "name": "txt24HLine3EPSDTFamilyPlan",
    "pdf_field_type": "/Tx",
    "type": "text"
  },
  {
    "name": "txt24ILine3LegacyIDQualifier",
    "pdf_field_type": "/Tx",
    "type": "text"
  },
  {
    "name": "txt24JLine3RenderingProviderLegacyID",
    "pdf_field_type": "/Tx",
    "type": "text"
  },
  {
    "name": "txt24JLine3RenderingProviderNPI",
    "pdf_field_type": "/Tx",
    "type": "text"
  },
  {
    "name": "txt24FLine4Charges",
    "pdf_field_type": "/Tx",
    "type": "text"
  },
  {
    "name": "txt24GLine4DaysOrUnits",
    "pdf_field_type": "/Tx",
    "type": "text"
  },
  {
    "name": "txt24HLine4EPSDTFamilyPlan",
    "pdf_field_type": "/Tx",
    "type": "text"
  },
  {
    "name": "txt24ILine4LegacyIDQualifier",
    "pdf_field_type": "/Tx",
    "type": "text"
  },
  {
    "name": "txt24JLine4RenderingProviderLegacyID",
    "pdf_field_type": "/Tx",
    "type": "text"
  },
  {
    "name": "txt24JLine4RenderingProviderNPI",
    "pdf_field_type": "/Tx",
    "type": "text"
  },
  {
    "name": "txt24FLine5Charges",
    "pdf_field_type": "/Tx",
    "type": "text"
  },
  {
    "name": "txt24GLine5DaysOrUnits",
    "pdf_field_type": "/Tx",
    "type": "text"
  },
  {
    "name": "txt24HLine5EPSDTFamilyPlan",
    "pdf_field_type": "/Tx",
    "type": "text"
  },
  {
    "name": "txt24ILine5LegacyIDQualifier",
    "pdf_field_type": "/Tx",
    "type": "text"
  },
  {
    "name": "txt24JLine5RenderingProviderLegacyID",
    "pdf_field_type": "/Tx",
    "type": "text"
  },
  {
    "name": "txt24JLine5RenderingProviderNPI",
    "pdf_field_type": "/Tx",
    "type": "text"
  },
  {
    "name": "txt24FLine6Charges",
    "pdf_field_type": "/Tx",
    "type": "text",
    "value": "1000|00"
  },
  {
    "name": "txt24GLine6DaysOrUnits",
    "pdf_field_type": "/Tx",
    "type": "text",
    "value": "1"
  },
  {
    "name": "txt24HLine6EPSDTFamilyPlan",
    "pdf_field_type": "/Tx",
    "type": "text",
    "value": "N"
  },
  {
    "name": "txt24ILine6LegacyIDQualifier",
    "pdf_field_type": "/Tx",
    "type": "text"
  },
  {
    "name": "txt24JLine6RenderingProviderLegacyID",
    "pdf_field_type": "/Tx",
    "type": "text"
  },
  {
    "name": "txt24JLine6RenderingProviderNPI",
    "pdf_field_type": "/Tx",
    "type": "text",
    "value": "1234567890"
  },
  {
    "name": "txtFederalTaxIDNumber",
    "pdf_field_type": "/Tx",
    "type": "text",
    "value": "1234567890"
  },
  {
    "name": "chkFederalTaxIDSSN",
    "pdf_field_type": "/Btn",
    "type": "button",
    "value": "/Yes",
    "default_value": "/Off"
  },
  {
    "name": "chkFederalTaxIDEIN",
    "pdf_field_type": "/Btn",
    "type": "button",
    "value": "/Yes",
    "default_value": "/Off"
  },
  {
    "name": "txtPatientsAccountNumber",
    "pdf_field_type": "/Tx",
    "type": "text",
    "value": "1234567890"
  },
  {
    "name": "chkAcceptAssignmentYes",
    "pdf_field_type": "/Btn",
    "type": "button",
    "value": "/Yes",
    "default_value": "/Off"
  },
  {
    "name": "chkAcceptAssignmentNo",
    "pdf_field_type": "/Btn",
    "type": "button",
    "value": "/Yes",
    "default_value": "/Off"
  },
  {
    "name": "txtTotalCharge",
    "pdf_field_type": "/Tx",
    "type": "text",
    "value": "1000|00"
  },
  {
    "name": "txtAmountPaid",
    "pdf_field_type": "/Tx",
    "type": "text",
    "value": "1000|00"
  },
  {
    "name": "txt32ServiceFacilityLocationInformation1",
    "pdf_field_type": "/Tx",
    "type": "text"
  },
  {
    "name": "txt32ServiceFacilityLocationInformation2",
    "pdf_field_type": "/Tx",
    "type": "text"
  },
  {
    "name": "txt32ServiceFacilityLocationInformation3",
    "pdf_field_type": "/Tx",
    "type": "text"
  },
  {
    "name": "txt32ServiceFacilityNPI",
    "pdf_field_type": "/Tx",
    "type": "text"
  },
  {
    "name": "txt32ServiceFacilityLegacyID",
    "pdf_field_type": "/Tx",
    "type": "text"
  },
  {
    "name": "txt33BillingProviderInfo1",
    "pdf_field_type": "/Tx",
    "type": "text",
    "value": "ABCDEFGHIJKLMNOPQRSTUVWXYZ"
  },
  {
    "name": "txt33BillingProviderInfo2",
    "pdf_field_type": "/Tx",
    "type": "text",
    "value": "ABCDEFGHIJKLMNOPQRSTUVWXYZ"
  },
  {
    "name": "txt33BillingProviderInfo3",
    "pdf_field_type": "/Tx",
    "type": "text",
    "value": "ABCDEFGHIJKLMNOPQRSTUVWXYZ"
  },
  {
    "name": "txt33BillingProviderNPI",
    "pdf_field_type": "/Tx",
    "type": "text",
    "value": "1234567890"
  },
  {
    "name": "txt33BillingProviderLegacyID",
    "pdf_field_type": "/Tx",
    "type": "text",
    "value": "1234567890"
  },
  {
    "name": "txt33BillingProviderPhone",
    "pdf_field_type": "/Tx",
    "type": "text",
    "value": "(800) 999-8888"
  },
  {
    "name": "txt31DateOfAttestation",
    "pdf_field_type": "/Tx",
    "type": "text",
    "value": "12/28/88"
  }
]