element,desc
ISA_LOOP,"Interchange Control Header loop, envelope for the entire interchange"
ISA,Interchange Control Header segment that starts the interchange
ISA01,Authorization Information Qualifier
ISA02,Authorization Information
ISA03,Security Information Qualifier
ISA04,Security Information
ISA05,Interchange ID Qualifier for sender
ISA06,Interchange Sender ID
ISA07,Interchange ID Qualifier for receiver
ISA08,Interchange Receiver ID
ISA09,Interchange Date (YYMMDD)
ISA10,Interchange Time (HHMM)
ISA11,Interchange Standards Identifier
ISA12,Interchange Version Number
ISA13,Interchange Control Number
ISA14,Acknowledgment Requested
ISA15,Usage Indicator (Test/Production)
ISA16,Component Element Separator
GS_LOOP,"Functional Group loop, encloses related transaction sets"
GS,Functional Group Header segment
GS01,Functional Identifier Code
GS02,Application Sender's Code
GS03,Application Receiver's Code
GS04,Date of functional group creation
GS05,Time of functional group creation
GS06,Group Control Number
GS07,Responsible Agency Code
GS08,Version/Release/Industry Identifier Code
ST_LOOP,"Transaction Set loop, encloses a single 835 transaction"
ST,Transaction Set Header segment
ST01,Transaction Set Identifier Code
ST02,Transaction Set Control Number
HEADER,Header area containing payment-related segments
BPR,Financial Information segment for payment details
BPR01,Transaction Handling Code
BPR02,Monetary Amount of payment
BPR03,Credit/Debit Flag Code
BPR04,Payment Method Code
BPR16,DFI (Bank) Identification Number Qualifier
TRN,Reassociation Trace Number segment
TRN01,Trace Type Code
TRN02,Reference Identification (Check/EFT Trace Number)
TRN03,Originating Company Identifier
DTM,Date/Time Reference segment
DTM01,Date/Time Qualifier
DTM02,Date value
1000A,Payer Identification loop
N1,Name segment
N101,Entity Identifier Code
N102,Name of entity
N3,Address Information segment
N301,Address Line
N4,Geographic Location segment
N401,City Name
N402,State Code
N403,ZIP Code
1000B,Payee Identification loop
N103,Identification Code Qualifier
N104,Identification Code (Tax ID / NPI)
REF,Reference Identification segment
REF01,Reference Identification Qualifier
REF02,Reference Identification
DETAIL,Detail area of the 835 containing claim/payment details
2000,Claim Payment Information loop
LX,Assigned Number segment
LX01,Assigned Number (sequential counter)
2100,Claim Payment Information detail loop
CLP,Claim Payment Information segment
CLP01,Patient Control Number
CLP02,Claim Status Code
CLP03,Total Claim Charge Amount
CLP04,Claim Payment Amount
CLP05,Patient Responsibility Amount
CLP06,Claim Filing Indicator Code
CLP07,Payer Claim Control Number
NM1,Individual/Organization Name segment
NM101,Entity Identifier Code
NM102,"Entity Type Qualifier (1=Person, 2=Non-Person)"
NM103,Last Name or Organization Name
NM104,First Name
NM105,Middle Name
NM109,Identification Code (Member ID / NPI)
NM108,Identification Code Qualifier
2110,Service Payment Information loop
SVC,Service Payment Information segment
SVC01-01,Product/Service ID Qualifier
SVC01-02,Procedure Code
SVC02,Line Item Charge Amount
SVC03,Line Item Payment Amount
SVC05,Units of Service Paid Count
CAS,Claims Adjustment segment
CAS01,Claim Adjustment Group Code
CAS02,Adjustment Reason Code
CAS03,Adjustment Amount
SE,Transaction Set Trailer segment
SE01,Number of Included Segments
SE02,Transaction Set Control Number (matches ST02)
GE,Functional Group Trailer segment
GE01,Number of Transaction Sets Included
GE02,Group Control Number (matches GS06)
IEA,Interchange Control Trailer segment
IEA01,Number of Included Functional Groups
IEA02,Interchange Control Number (matches ISA13)
